FIRE_NO,VERSION_NO,FIRE_YEAR,SIZE_HA,SOURCE,TRACK_DATE,LOAD_DATE,FIRE_STAT,FIRE_NT_ID,FIRE_NT_NM,FIRE_NT_LK,FCODE,AREA_SQM,FEAT_LEN,SHAPE,OBJECTID,X,Y
C20385,2021042301,2021,48.7,Non-corrected airborne GPS,20210423,20210528150902,Out,,,,JA70003000,486870.7305,3060.9133,,7076508,,
C21250,2021083001,2021,12040,Non-corrected ground GPS,20210830,20210830153725,Out,825,Churn Creek Protected Area,http://bcfireinfo.for.gov.bc.ca/hprScripts/WildfireNews/OneFire.asp?ID=825,JA70003000,120400302.9666,75768.9918,,7076509,,
C21684,2021082701,2021,15.700000000000001,Non-corrected ground GPS,20210827,20210827162006,Out,,,,JA70003000,157327.0494,2140.5601,,7076510,,
C21722,2021082401,2021,6.6000000000000005,Derived from satellite imagery,20210824,20210824115014,Out,,,,JA70003000,66125.3189,1203.9479000000001,,7076511,,
C32369,2021082701,2021,255.5,Non-corrected airborne GPS,20210827,20210827130441,Out,,,,JA70003000,2554984.0875,10210.5585,,7076524,,
C32596,2021081501,2021,57.7,Non-corrected airborne GPS,20210815,20210815163127,Out,,,,JA70003000,577360.8271,4132.0824,,7076525,,
C32666,2021090101,2021,1.2,Non-corrected airborne GPS,20210901,20210908123359,Out,,,,JA70003000,12250.1254,430.0032,,7076526,,
C40271,2021041801,2021,4.2,Non-corrected ground GPS,20210418,20210510112349,Out,,,,JA70003000,41832.8571,1360.0741,,7076527,,
C40396,2021042501,2021,24.400000000000002,Non-corrected ground GPS,20210425,20210528093131,Out,,,,JA70003000,244277.2515,2311.3013,,7076528,,
C40714,2021060401,2021,1.6,Non-corrected ground GPS,20210604,20210608133438,Out,,,,JA70003000,16020.4853,866.4427000000001,,7076529,,
C41087,2021083001,2021,16,Non-corrected ground GPS,20210830,20210830155453,Out,,,,JA70003000,160286.9257,2142.9023,,7076530,,
C41088,2021071101,2021,6.7,Non-corrected airborne GPS,20210711,20210716155227,Out,,,,JA70003000,66831.7792,1010.5194,,7076531,,
C41091,2021083101,2021,3.9,Non-corrected ground GPS,20210831,20210831153645,Out,,,,JA70003000,38606.9164,1342.9101,,7076532,,
C41097,2021073102,2021,7453,Non-corrected airborne GPS,20210731,20210731191702,Out,849,Young Lake,http://bcfireinfo.for.gov.bc.ca/hprScripts/WildfireNews/OneFire.asp?ID=849,JA70003000,74530495.2292,49279.3664,,7076533,,
C41100,2021080801,2021,3256.5,Non-corrected ground GPS,20210808,20210814202905,Out,823,South of Canim Lake,http://bcfireinfo.for.gov.bc.ca/hprScripts/WildfireNews/OneFire.asp?ID=823,JA70003000,32564612.5,25410.8499,,7076534,,
C41102,2021071001,2021,652.3000000000001,Non-corrected ground GPS,20210710,20210712204601,Out,816,SW of Deka Lake,http://bcfireinfo.for.gov.bc.ca/hprScripts/WildfireNews/OneFire.asp?ID=816,JA70003000,6523262.4469,10484.3021,,7076535,,
C41114,2021083001,2021,18.2,Non-corrected ground GPS,20210830,20210830170256,Out,,,,JA70003000,181954.0835,1768.7333,,7076536,,
C41119,2021081801,2021,19,Derived from satellite imagery,20210818,20210818172438,Out,,,,JA70003000,189999.1237,1860.0866,,7076537,,
C41125,2021071101,2021,6.8,Non-corrected airborne GPS,20210711,20210719094417,Out,,,,JA70003000,67923.4271,1096.0458,,7076538,,
C41139,2021070701,2021,7.2,Non-corrected ground GPS,20210707,20210710133005,Out,,,,JA70003000,71614.1959,1677.2157,,7076539,,
C41143,2021072301,2021,89,Non-corrected ground GPS,20210723,20210724100846,Out,,,,JA70003000,889865.5946,7669.3202,,7076540,,
C41144,2021070902,2021,27.8,Digitized from image,20210709,20210709150452,Out,,,,JA70003000,278443.0914,2269.9985,,7076541,,
C41145,2021071001,2021,26.3,Non-corrected ground GPS,20210710,20210711163720,Out,,,,JA70003000,262650.9428,2422.0159000000003,,7076542,,
C41146,2021072201,2021,43.5,Non-corrected ground GPS,20210722,20210723090002,Out,,,,JA70003000,434580.5917,2985.5373,,7076543,,
C41147,2021072201,2021,635.7,Non-corrected ground GPS,20210722,20210723110214,Out,,,,JA70003000,6356931.0103,13546.4465,,7076544,,
C41149,2021071101,2021,19.5,Non-corrected airborne GPS,20210711,20210711193222,Out,,,,JA70003000,194840.5995,1658.8886,,7076545,,
C41155,2021071001,2021,19.8,Non-corrected ground GPS,20210710,20210711160919,Out,,,,JA70003000,198146.4159,1859.7203000000002,,7076546,,
C41191,2021083102,2021,3278.3,Non-corrected airborne GPS,20210831,20210831172018,Out,835,Succour Lake,http://bcfireinfo.for.gov.bc.ca/hprScripts/WildfireNews/OneFire.asp?ID=835,JA70003000,32782908.9219,49039.9191,,7076547,,
C41308,2021070801,2021,34.2,Non-corrected ground GPS,20210708,20210708185123,Out,826,Si Lake,http://bcfireinfo.for.gov.bc.ca/hprScripts/WildfireNews/OneFire.asp?ID=826,JA70003000,341612.5167,3000.5820000000003,,7076548,,
C41310,2021071001,2021,55.9,Non-corrected ground GPS,20210710,20210711163013,Out,,,,JA70003000,558925.1816,4442.1413,,7076549,,
C41395,2021071101,2021,359.7,Non-corrected airborne GPS,20210711,20210711191224,Out,,,,JA70003000,3597020.7691,9975.129,,7076550,,
C41412,2021070701,2021,18.3,Non-corrected airborne GPS,20210707,20210707163521,Out,,,,JA70003000,182702.4337,1657.7096000000001,,7076551,,
C41416,2021070701,2021,17.400000000000002,Non-corrected airborne GPS,20210707,20210707164922,Out,,,,JA70003000,173863.2778,1786.644,,7076552,,
C41431,2021070701,2021,59,Non-corrected ground GPS,20210707,20210707172019,Out,,,,JA70003000,589691.5434,4087.8771,,7076553,,
C21739,2021081301,2021,1.7,Hand sketch of any type,20210813,20210813145053,Out,,,,JA70003000,17338.2212,581.0809,,7076512,,
C21747,2021081301,2021,1.8,Hand sketch of any type,20210813,20210813144732,Out,,,,JA70003000,18122.2991,687.524,,7076513,,
C31056,2021071801,2021,1833.9,Non-corrected ground GPS,20210718120247,20210718120542,Out,842,Mckinley Lake,http://bcfireinfo.for.gov.bc.ca/hprScripts/WildfireNews/OneFire.asp?ID=842,JA70003000,18338645.5544,28498.6591,,7076514,,
C31115,2021082801,2021,333.90000000000003,Derived from satellite imagery,20210828,20210828123102,Out,,,,JA70003000,3338687.16,11618.9745,,7076515,,
C31295,2021082401,2021,609.3000000000001,Non-corrected airborne GPS,20210824,20210824091853,Out,,,,JA70003000,6093115.4805,16116.229800000001,,7076516,,
C31726,2021071601,2021,3.4,Non-corrected airborne GPS,20210716,20210908140020,Out,,,,JA70003000,33706.4344,693.1847,,7076517,,
C31947,2021082701,2021,1517,Non-corrected airborne GPS,20210827,20210827132146,Out,,,,JA70003000,15170466.4644,20714.4758,,7076518,,
C32315,2021080501,2021,43.4,Non-corrected airborne GPS,20210805,20210805105245,,,,,JA70003000,433609.2991,3142.5179000000003,,7076519,,
C32316,2021080601,2021,8.9,Non-corrected airborne GPS,20210806,20210908125753,,,,,JA70003000,89310.2222,1092.9211,,7076520,,
C32347,2021080901,2021,2.5,Non-corrected ground GPS,20210809,20210809150054,Out,,,,JA70003000,24859.941899999998,758.4953,,7076521,,
C32361,2021082701,2021,25.1,Non-corrected airborne GPS,20210827,20210827163154,Out,,,,JA70003000,250928.2852,1932.1027000000001,,7076522,,
C32368,2021080701,2021,2.3000000000000003,Non-corrected ground GPS,20210807,20210920115948,Out,,,,JA70003000,22832.4208,777.9825000000001,,7076523,,
C10286,2021041801,2021,12.4,Non-corrected ground GPS,20210418,20210511143935,Out,,,,JA70003000,124023.258,2086.768,,7076487,,
C11060,2021070401,2021,0.3,Non-corrected ground GPS,20210704,20210704103923,Out,,,,JA70003000,3211.7844,341.4235,,7076488,,
C11170,2021072001,2021,5.1000000000000005,Non-corrected airborne GPS,20210720,20210721115734,Out,,,,JA70003000,51086.0882,1627.5244,,7076489,,
C11179,2021081301,2021,790.3000000000001,Non-corrected airborne GPS,20210813,20210814094646,Out,,,,JA70003000,7903477.2303,20450.9207,,7076490,,
C11189,2021081901,2021,9.700000000000001,Derived from satellite imagery,20210819,20210819161042,Out,,,,JA70003000,96976.285,1514.7922,,7076491,,
C11190,2021070401,2021,3.7,Non-corrected ground GPS,20210704,20210704103953,Out,,,,JA70003000,36838.0686,1223.1933000000001,,7076492,,
C11206,2021070301,2021,0.2,Non-corrected ground GPS,20210703,20210707144649,Out,,,,JA70003000,1925.1427,405.83790000000005,,7076493,,
C11343,2021070301,2021,1.3,Hand sketch of any type,20210703,20210921144347,Out,,,,JA70003000,12986.141800000001,478.7226,,7076494,,
C11491,2021082101,2021,8086.3,Non-corrected ground GPS,20210821,20210821141345,Out,828,Purdy Lake,http://bcfireinfo.for.gov.bc.ca/hprScripts/WildfireNews/OneFire.asp?ID=828,JA70003000,80863244.7805,73090.7974,,7076495,,
C11552,2021110701,2021,28,Non-corrected ground GPS,20211107,20210714092027,Out,,,,JA70003000,279864.3207,2921.8796,,7076496,,
C11553,2021081601,2021,3.1,Non-corrected ground GPS,20210816,20210816185420,Out,,,,JA70003000,30643.545,887.7508,,7076497,,
C11753,2021081602,2021,914.2,Non-corrected airborne GPS,20210816,20210817130405,Out,,,,JA70003000,9142307.6667,16383.837500000001,,7076498,,
C11805,2021082801,2021,1885.9,Derived from satellite imagery,20210828,20210828105559,Out,,,,JA70003000,18859491.9709,24105.4813,,7076499,,
C11824,2021071402,2021,4.5,Non-corrected ground GPS,20210714,20210721104612,Out,,,,JA70003000,45234.7534,1174.5721,,7076500,,
C12217,2021073001,2021,0.1,Non-corrected ground GPS,20210730,20210730180517,Out,,,,JA70003000,1147.6989,255.68880000000001,,7076501,,
C12300,2021080201,2021,5.2,Non-corrected airborne GPS,20210802,20210819142855,Out,,,,JA70003000,51677.9759,2446.2405000000003,,7076502,,
C12317,2021080401,2021,1.4000000000000001,Corrected ground GPS,20210804,20210818115058,Out,,,,JA70003000,14415.5974,1298.5391,,7076503,,
C12322,2021080301,2021,0.4,Non-corrected ground GPS,20210803,20210817164023,Out,,,,JA70003000,3954.3706,306.8322,,7076504,,
C12569,2021081501,2021,4.8,Non-corrected airborne GPS,20210815,20210816194706,Out,,,,JA70003000,48444.744399999996,958.4289,,7076505,,
C12573,2021081501,2021,0.9,Non-corrected ground GPS,20210815,20210816200823,Out,,,,JA70003000,9488.8706,388.7065,,7076506,,
C20224,2021041501,2021,2.7,Non-corrected ground GPS,20210415,20210527113822,Out,,,,JA70003000,27434.32,1088.5545,,7076507,,
C52323,2021080701,2021,233,Non-corrected airborne GPS,20210807,20210807205805,Out,,,,JA70003000,2330400.1252,9487.4532,,7077541,,
G11126,2021070601,2021,1474.8,Non-corrected airborne GPS,20210706,20210706135128,Out,821,Chilako,http://bcfireinfo.for.gov.bc.ca/hprScripts/WildfireNews/OneFire.asp?ID=821,JA70003000,14747655.7316,22107.1353,,7077542,,
G11185,2021092601,2021,1.7,Hand sketch of any type,20210926,20210927144312,Out,,,,JA70003000,16921.6388,524.9473,,7077543,,
G11200,2021070401,2021,25.8,Unknown,20210704,20210727173557,Out,,,,JA70003000,258065.1669,5420.7606000000005,,7077544,,
G11757,2021081301,2021,69.60000000000001,Non-corrected airborne GPS,20210813,20210814162408,Out,,,,JA70003000,696464.8438,3912.4092,,7077545,,
G11817,2021081301,2021,98.5,Non-corrected airborne GPS,20210813,20210814114546,Out,,,,JA70003000,984563.0627,4499.4128,,7077546,,
G11920,2021071501,2021,11.1,Non-corrected airborne GPS,20210715,20210715131420,Out,,,,JA70003000,111094.3055,1387.457,,7077547,,
G11925,2021071601,2021,4.1,Non-corrected ground GPS,20210716,20210728154525,Out,,,,JA70003000,41016.4436,1436.9321,,7077548,,
G11935,2021071801,2021,22.3,Corrected ground GPS,20210718,20210718115743,Out,,,,JA70003000,222985.5704,2964.1309,,7077549,,
G11951,2021072301,2021,4.4,Non-corrected ground GPS,20210723,20210915164504,Out,,,,JA70003000,43577.3131,1519.5908000000002,,7077550,,
G12503,2021081301,2021,27,Non-corrected ground GPS,20210813,20210814154846,Out,,,,JA70003000,269941.3539,1985.1007000000002,,7077551,,
G12564,2021092401,2021,2.3000000000000003,Hand sketch of any type,20210924,20210924123538,Out,,,,JA70003000,22628.3517,592.3901000000001,,7077552,,
G31653,2021081601,2021,237.9,Non-corrected airborne GPS,20210816,20210817090923,Out,,,,JA70003000,2379252.7169,7397.147,,7077553,,
G31853,2021071501,2021,15.9,Non-corrected airborne GPS,20210715,20210716152513,Out,,,,JA70003000,158662.7309,1980.2672,,7077554,,
G31871,2021081601,2021,2.6,Hand sketch of any type,20210816,20210817093226,Out,,,,JA70003000,25820.9718,732.6749,,7077555,,
G31934,2021081501,2021,195,Non-corrected airborne GPS,20210815,20210815191709,Out,,,,JA70003000,1949844.0504,6381.0364,,7077556,,
G32226,2021081501,2021,9.6,Non-corrected ground GPS,20210815,20210815193307,Out,,,,JA70003000,96219.3379,1752.6319,,7077557,,
C41470,2021082101,2021,1.9000000000000001,Non-corrected ground GPS,20210821,20210822150736,Out,,,,JA70003000,18935.7122,781.914,,7076554,,
C41471,2021070701,2021,3.4,Non-corrected ground GPS,20210707,20210713092833,Out,,,,JA70003000,34483.2906,1216.3274000000001,,7076555,,
C41515,2021071501,2021,330.1,Non-corrected ground GPS,20210715,20210715195205,Out,,,,JA70003000,3301362.7349,8735.931400000001,,7076556,,
C41560,2021071401,2021,658.1,Non-corrected airborne GPS,20210714,20210714223134,Out,,,,JA70003000,6581003.1255,12099.7384,,7076557,,
C41602,2021083003,2021,73862.5,Non-corrected ground GPS,20210830,20210830134724,Out,838,Flat Lake,http://bcfireinfo.for.gov.bc.ca/hprScripts/WildfireNews/OneFire.asp?ID=838,JA70003000,738624595.3963,176591.0572,,7076558,,
C41610,2021071101,2021,16.6,Non-corrected airborne GPS,20210711,20210711193215,Out,,,,JA70003000,166144.9692,1614.2779,,7076559,,
C41866,2021072401,2021,454.3,Non-corrected ground GPS,20210724,20210728152108,Out,848,Chasm,http://bcfireinfo.for.gov.bc.ca/hprScripts/WildfireNews/OneFire.asp?ID=848,JA70003000,4543085.9814,11970.4154,,7076560,,
C41972,2021082801,2021,1.5,Non-corrected airborne GPS,20210828,20210909160251,Out,,,,JA70003000,15156.6175,513.9237,,7076561,,
C50023,2021040201,2021,6.4,Non-corrected ground GPS,20210402,20210521091002,Out,,,,JA70003000,63537.4092,1655.7373,,7076562,,
C50024,2021040201,2021,3,Non-corrected ground GPS,20210402,20210521091354,Out,,,,JA70003000,30340.4057,1119.4114,,7076563,,
C50086,2021040701,2021,5.4,Non-corrected ground GPS,20210407,20210409151609,Out,,,,JA70003000,53850.0995,1550.018,,7076564,,
C50162,2021041001,2021,2.6,Non-corrected ground GPS,20210410,20210527121937,Out,,,,JA70003000,25695.5976,1145.4134000000001,,7076565,,
C50167,2021041101,2021,9.9,Non-corrected ground GPS,20210411,20210527121213,Out,,,,JA70003000,98561.2829,2967.7578000000003,,7076566,,
C50169,2021041101,2021,3.4,Non-corrected ground GPS,20210411,20210614163225,Out,,,,JA70003000,33976.3941,1236.6581,,7076567,,
C50172,2021041201,2021,5.3,Non-corrected ground GPS,20210412,20210601143755,Out,,,,JA70003000,52694.081,1907.4781,,7076568,,
C50184,2021041401,2021,37.9,Non-corrected ground GPS,20210414,20210521084935,Out,,,,JA70003000,378884.3966,3177.7954,,7076569,,
C50222,2021051501,2021,13.1,Non-corrected ground GPS,20210515,20210521090410,Out,,,,JA70003000,130754.6308,1842.4377000000002,,7076570,,
C50327,2021041901,2021,3.3000000000000003,Non-corrected ground GPS,20210419,20210520132532,Out,,,,JA70003000,32638.7474,1101.6928,,7076571,,
C50366,2021042101,2021,38.4,Non-corrected ground GPS,20210421,20210521085811,Out,,,,JA70003000,383678.354,3246.1601,,7076572,,
C50413,2021053101,2021,1.3,Hand sketch of any type,20210531,20210601120114,Out,,,,JA70003000,12881.7096,577.7784,,7076573,,
C50515,2021051501,2021,11.6,Non-corrected ground GPS,20210515,20210521084124,Out,,,,JA70003000,115938.7369,2124.5706,,7076574,,
C50529,2021051601,2021,1.5,Non-corrected ground GPS,20210516,20210601123026,Out,,,,JA70003000,15139.663700000001,622.2810000000001,,7076575,,
C51290,2021081101,2021,7195.400000000001,Non-corrected ground GPS,20210811,20210816071427,Out,824,Big Stick Lake,http://bcfireinfo.for.gov.bc.ca/hprScripts/WildfireNews/OneFire.asp?ID=824,JA70003000,71954429.4247,57006.1908,,7076576,,
C51355,2021082601,2021,1833.2,Non-corrected airborne GPS,20210826,20210826182046,Out,841,Hotnarko Creek,http://bcfireinfo.for.gov.bc.ca/hprScripts/WildfireNews/OneFire.asp?ID=841,JA70003000,18332020.4976,31419.7005,,7076577,,
C51606,2021072301,2021,924.4,Non-corrected ground GPS,20210723,20210724201123,Out,,,,JA70003000,9244415.3209,19789.4222,,7076578,,
C52274,2021083101,2021,1.7,Hand sketch of any type,20210831,20210914104313,Out,,,,JA70003000,16969.6726,842.7472,,7076579,,
C52302,2021081601,2021,7.7,Non-corrected ground GPS,20210816,20210816173612,Out,,,,JA70003000,76890.8455,1518.6502,,7076580,,
G61266,2021080801,2021,42.300000000000004,Non-corrected airborne GPS,20210808,20210811151914,Out,820,Kennedy Siding,http://bcfireinfo.for.gov.bc.ca/hprScripts/WildfireNews/OneFire.asp?ID=820,JA70003000,422717.357,2925.0601,,7077575,,
G61316,2021082901,2021,16835.6,Non-corrected airborne GPS,20210829,20210831115141,Out,832,Black Pine,http://bcfireinfo.for.gov.bc.ca/hprScripts/WildfireNews/OneFire.asp?ID=832,JA70003000,168355567.6453,82402.048,,7077576,,
G61318,2021071701,2021,232.8,Non-corrected airborne GPS,20210717,20210718165215,,,,,JA70003000,2327736.4894,8275.0178,,7077577,,
G61333,2021082901,2021,38.4,Non-corrected airborne GPS,20210829,20210831121631,Out,,,,JA70003000,383747.1272,2872.1762000000003,,7077578,,
G61381,2021072201,2021,7770.5,Non-corrected airborne GPS,20210722,20210803112132,Out,833,Forres Mountain,http://bcfireinfo.for.gov.bc.ca/hprScripts/WildfireNews/OneFire.asp?ID=833,JA70003000,77704606.7456,72719.579,,7077579,,
G61533,2021081101,2021,42.1,Non-corrected airborne GPS,20210811,20210812093340,Out,,,,JA70003000,421000.9714,2549.0203,,7077580,,
G61539,2021081101,2021,6.7,Non-corrected airborne GPS,20210811,20210812093750,Out,,,,JA70003000,66602.9844,1103.7435,,7077581,,
G71134,2021082701,2021,283.1,Non-corrected airborne GPS,20210827,20210828104950,Out,,,,JA70003000,2830796.9661,12688.1118,,7077590,,
G71138,2021082701,2021,3400,Non-corrected airborne GPS,20210827,20210828103155,Out,822,Tentfire Creek,http://bcfireinfo.for.gov.bc.ca/hprScripts/WildfireNews/OneFire.asp?ID=822,JA70003000,33999692.1981,41310.8137,,7077591,,
G71693,2021091401,2021,10.5,Non-corrected ground GPS,20210914,20210914161129,Out,,,,JA70003000,105205.2696,2269.822,,7077592,,
G72463,2021082701,2021,2518.6,Non-corrected airborne GPS,20210827,20210828084416,Out,,,,JA70003000,25186034.6945,45543.4538,,7077593,,
G72511,2021082701,2021,5255,Non-corrected airborne GPS,20210827,20210828110930,Out,,,,JA70003000,52549598.0838,49949.1947,,7077594,,
G72591,2021090801,2021,2594.9,Unknown,20210908,20210909131224,Out,869,Pine River,http://bcfireinfo.for.gov.bc.ca/hprScripts/WildfireNews/OneFire.asp?ID=869,JA70003000,25949469.5495,38615.7133,,7077595,,
G72604,2021091001,2021,2.5,Hand sketch of any type,20210910,20210910115137,Out,,,,JA70003000,25151.84,858.2365000000001,,7077596,,
G72730,2021082601,2021,4.5,Non-corrected ground GPS,20210826,20210909114009,Out,,,,JA70003000,44925.0352,1092.1492,,7077597,,
G80170,2021041201,2021,6,Non-corrected ground GPS,20210412,20210416104853,Out,,,,JA70003000,60020.14,1968.0491000000002,,7077598,,
G80251,2021041701,2021,1.1,Non-corrected ground GPS,20210417,20210429092556,Out,,,,JA70003000,11385.269400000001,696.2938,,7077599,,
G61601,2021081101,2021,790.6,Non-corrected airborne GPS,20210811,20210812094129,Out,,,,JA70003000,7905560.3244,12312.513200000001,,7077582,,
G61632,2021080701,2021,95.8,Non-corrected airborne GPS,20210807,20210811103601,Out,,,,JA70003000,957550.2132,3980.7954,,7077583,,
G61775,2021072301,2021,345.1,Non-corrected airborne GPS,20210723,20210723172832,Out,,,,JA70003000,3451257.2985,10040.9019,,7077584,,
G61880,2021081101,2021,386.7,Non-corrected airborne GPS,20210811,20210812094524,Out,,,,JA70003000,3866584.7197,9665.0733,,7077585,,
G62563,2021082901,2021,435,Non-corrected airborne GPS,20210829,20210831120829,Out,,,,JA70003000,4350275.2174,10467.9184,,7077586,,
G70403,2021042301,2021,1.7,Non-corrected ground GPS,20210423,20210426114153,Out,,,,JA70003000,16667.3894,778.6557,,7077587,,
G70477,2021091401,2021,9.6,Non-corrected ground GPS,20210914,20210914144951,Out,,,,JA70003000,95956.4999,2922.3156000000004,,7077588,,
G70728,2021060701,2021,1.8,Non-corrected ground GPS,20210607,20210607113212,Out,,,,JA70003000,17928.1228,791.7743,,7077589,,
G32458,2021081501,2021,96.10000000000001,Corrected airborne GPS,20210815,20210816084238,Out,,,,JA70003000,960672.2972,4807.6821,,7077558,,
G41269,2021082401,2021,33072.6,Non-corrected airborne GPS,20210824,20210825173830,Out,827,Cutoff Creek,http://bcfireinfo.for.gov.bc.ca/hprScripts/WildfireNews/OneFire.asp?ID=827,JA70003000,330725790.3377,168004.5306,,7077559,,
G41711,2021072001,2021,4891.6,Non-corrected airborne GPS,20210720,20210720200504,Out,846,Grizzly Lake,http://bcfireinfo.for.gov.bc.ca/hprScripts/WildfireNews/OneFire.asp?ID=846,JA70003000,48915884.8347,47877.3229,,7077560,,
G41728,2021071401,2021,309.40000000000003,Non-corrected airborne GPS,20210714,20210714200149,Out,,,,JA70003000,3094031.2683,8409.7347,,7077561,,
G42236,2021073001,2021,3.5,Non-corrected ground GPS,20210730,20210921100418,Out,,,,JA70003000,35041.3244,984.6429,,7077562,,
G42408,2021080401,2021,2,Hand sketch of any type,20210804,20210920145802,Out,,,,JA70003000,20391.159,576.1599,,7077563,,
G42580,2021081201,2021,0.7000000000000001,Digitized other,20210812,20210920150840,Out,,,,JA70003000,6546.6745,302.7221,,7077564,,
G51212,2021080501,2021,151.70000000000002,Non-corrected airborne GPS,20210805,20210805130951,Out,,,,JA70003000,1516920.4009,8226.5614,,7077565,,
G51748,2021072101,2021,309.1,Non-corrected airborne GPS,20210721,20210721181905,Out,844,Camsell Lake,http://bcfireinfo.for.gov.bc.ca/hprScripts/WildfireNews/OneFire.asp?ID=844,JA70003000,3091229.5611,8492.0051,,7077566,,
G51847,2021071601,2021,9.700000000000001,Non-corrected airborne GPS,20210716,20210717085644,Out,,,,JA70003000,97483.5124,2713.1583,,7077567,,
G52377,2021081901,2021,7.3,Non-corrected ground GPS,20210819,20210823153052,Out,,,,JA70003000,73383.558,1577.0812,,7077568,,
G52558,2021082401,2021,1.1,Non-corrected airborne GPS,20210824,20210824170057,Out,,,,JA70003000,11057.7807,434.03740000000005,,7077569,,
G60620,2021052701,2021,4.2,Non-corrected ground GPS,20210527,20210528153543,Out,,,,JA70003000,42498.5069,1013.4492,,7077570,,
G61132,2021080201,2021,8438.1,Non-corrected airborne GPS,20210802,20210804152011,Out,831,Klawli Lake,http://bcfireinfo.for.gov.bc.ca/hprScripts/WildfireNews/OneFire.asp?ID=831,JA70003000,84381473.7387,65466.9536,,7077571,,
G61192,2021072301,2021,13702.2,Non-corrected airborne GPS,20210723,20210723161000,Out,834,Mount Porter,http://bcfireinfo.for.gov.bc.ca/hprScripts/WildfireNews/OneFire.asp?ID=834,JA70003000,137021639.5145,81089.6607,,7077572,,
G61199,2021082901,2021,11664.800000000001,Non-corrected airborne GPS,20210829,20210831105719,Out,,,,JA70003000,116647644.4386,79475.9369,,7077573,,
G61204,2021080701,2021,76.7,Non-corrected airborne GPS,20210807,20211008111302,Out,,,,JA70003000,766631.011,4144.0657,,7077574,,
G92303,2021080801,2021,166.3,Non-corrected airborne GPS,20210808,20210809162750,Out,,,,JA70003000,1663399.4913,7934.5294,,7077623,,
G92304,2021080801,2021,78.60000000000001,Non-corrected airborne GPS,20210808,20210809182347,Out,867,Helmut/Kotcho Lake,http://bcfireinfo.for.gov.bc.ca/hprScripts/WildfireNews/OneFire.asp?ID=867,JA70003000,785759.4304,6079.7937,,7077624,,
G92305,2021080801,2021,12,Non-corrected airborne GPS,20210808,20210809182519,Out,,,,JA70003000,120116.2962,2015.4041000000002,,7077625,,
G92327,2021092201,2021,56.4,Non-corrected airborne GPS,20210922,20210923082741,Out,,,,JA70003000,563518.1743,2713.9139,,7077626,,
G92757,2021091101,2021,5.8,Digitized from aerial photo,20210911,20211213162051,Out,,,,JA70003000,57916.7945,1226.9465,,7077627,,
K20001,2021040101,2021,22.3,Non-corrected ground GPS,20210401,20210406115410,Out,,,,JA70003000,223306.7569,3973.7269,,7077628,,
K20141,2021040901,2021,1.9000000000000001,Non-corrected ground GPS,20210409,20210427103705,Out,,,,JA70003000,19297.4119,687.3223,,7077629,,
K20226,2021041601,2021,4.6000000000000005,Non-corrected ground GPS,20210416,20210603113448,Out,,,,JA70003000,46412.8529,895.3836,,7077630,,
K20245,2021041601,2021,1.7,Non-corrected ground GPS,20210416,20210426115333,Out,,,,JA70003000,16805.9276,578.1096,,7077631,,
K20261,2021041601,2021,3.3000000000000003,Non-corrected ground GPS,20210416,20210603114626,Out,,,,JA70003000,32869.8195,917.3429000000001,,7077632,,
K20343,2021042001,2021,0.7000000000000001,Non-corrected ground GPS,20210420,20210427112651,Out,,,,JA70003000,6640.9411,379.5725,,7077633,,
K20383,2021042201,2021,1.5,Non-corrected ground GPS,20210422,20210427104300,Out,,,,JA70003000,15111.1124,626.8341,,7077634,,
G80361,2021042101,2021,5.8,Non-corrected ground GPS,20210421,20210423162746,Out,,,,JA70003000,58127.3179,1269.1580000000001,,7077600,,
G80389,2021042201,2021,1.8,Non-corrected ground GPS,20210422,20210426103013,Out,,,,JA70003000,17746.7676,1067.2832,,7077601,,
G80438,2021050101,2021,2.2,Non-corrected ground GPS,20210501,20210503140445,Out,,,,JA70003000,21561.105,822.5867000000001,,7077602,,
G80471,2021050701,2021,17,Non-corrected ground GPS,20210507,20210511160719,Out,,,,JA70003000,169629.9157,2330.1974,,7077603,,
G80494,2021051301,2021,10.1,Non-corrected ground GPS,20210513,20210517093828,Out,,,,JA70003000,100919.3972,3653.684,,7077604,,
G80662,2021053001,2021,4.2,Non-corrected ground GPS,20210530,20210601121320,Out,,,,JA70003000,42310.6065,1538.641,,7077605,,
G80793,2021091501,2021,1.2,Non-corrected ground GPS,20210915,20210921162508,Out,,,,JA70003000,11792.206900000001,567.7297,,7077606,,
G80997,2021071101,2021,6417.2,Non-corrected airborne GPS,20210711,20210712172831,Out,813,G80997,http://bcfireinfo.for.gov.bc.ca/hprScripts/WildfireNews/OneFire.asp?ID=813,JA70003000,64172387.3887,56705.9341,,7077607,,
G81007,2021070101,2021,3359,Non-corrected airborne GPS,20210701,20210702181349,Out,814,Beatton River,http://bcfireinfo.for.gov.bc.ca/hprScripts/WildfireNews/OneFire.asp?ID=814,JA70003000,33590308.4227,35788.3035,,7077608,,
G90983,2021070101,2021,17,Non-corrected airborne GPS,20210701,20210705090055,Out,,,,JA70003000,169576.7877,1893.4429,,7077609,,
G90986,2021071501,2021,10.3,Non-corrected airborne GPS,20210715,20210714154950,Out,,,,JA70003000,103318.35339999999,1647.6995000000002,,7077610,,
G91020,2021070401,2021,3470.2000000000003,Non-corrected airborne GPS,20210704,20210706081732,Out,815,G91020,http://bcfireinfo.for.gov.bc.ca/hprScripts/WildfireNews/OneFire.asp?ID=815,JA70003000,34702320.4886,35072.604,,7077611,,
G91024,2021071401,2021,77.4,Non-corrected airborne GPS,20210714,20210714161546,Out,,,,JA70003000,774173.8312,6321.7936,,7077612,,
G91035,2021070101,2021,8.3,Non-corrected airborne GPS,20210701,20210705093230,Out,,,,JA70003000,82534.8467,1082.7749000000001,,7077613,,
G91042,2021070101,2021,17.8,Non-corrected airborne GPS,20210701,20210705095622,Out,,,,JA70003000,177597.2175,1879.1709,,7077614,,
G91065,2021070101,2021,100.10000000000001,Non-corrected airborne GPS,20210701,20210705124945,Out,,,,JA70003000,1000829.3176,5280.4383,,7077615,,
G91067,2021070401,2021,18.7,Non-corrected airborne GPS,20210704,20210705101924,Out,,,,JA70003000,186703.2444,2023.7081,,7077616,,
G91077,2021070101,2021,15.3,Non-corrected airborne GPS,20210701,20210705094459,Out,,,,JA70003000,153251.5682,1717.4759000000001,,7077617,,
G91083,2021071301,2021,95.3,Non-corrected airborne GPS,20210713,20210714103316,Out,,,,JA70003000,953228.017,5526.474700000001,,7077618,,
G91435,2021070401,2021,21.5,Non-corrected airborne GPS,20210704,20210705102639,,,,,JA70003000,214724.1035,2544.5697,,7077619,,
G91436,2021070401,2021,4.4,Non-corrected airborne GPS,20210704,20210705103213,Out,,,,JA70003000,44404.0863,853.8006,,7077620,,
G91588,2021071001,2021,435.8,Derived from satellite imagery,20210710,20210714131642,Out,,,,JA70003000,4357537.8835,11166.1929,,7077621,,
G92297,2021080801,2021,541.9,Non-corrected airborne GPS,20210808,20210809161220,Out,,,,JA70003000,5419210.7149,23188.9728,,7077622,,
K21233,2021070401,2021,2.5,Non-corrected ground GPS,20210704,20210712155452,Out,,,,JA70003000,25070.615700000002,989.5133000000001,,7077647,,
K21247,2021072901,2021,2,Non-corrected ground GPS,20210729,20210907112810,Out,,,,JA70003000,19642.749600000003,771.9348,,7077648,,
K21251,2021081501,2021,4.3,Non-corrected ground GPS,20210815,20211004160206,Out,,,,JA70003000,42936.7183,997.7381,,7077649,,
K21327,2021080501,2021,9.6,Non-corrected ground GPS,20210805,20210805154034,Out,,,,JA70003000,95698.9558,1839.6894,,7077654,,
K21328,2021072701,2021,4,Non-corrected ground GPS,20210727,20210728083228,Out,,,,JA70003000,39577.447400000005,1479.8858,,7077655,,
K21338,2021080501,2021,6.6000000000000005,Non-corrected airborne GPS,20210805,20210805181551,Out,,,,JA70003000,65580.6236,924.6022,,7077656,,
K21340,2021071801,2021,24.7,Non-corrected ground GPS,20210718,20210719173236,Out,,,,JA70003000,246959.7808,2039.0147000000002,,7077657,,
K21361,2021081601,2021,642.8000000000001,Non-corrected airborne GPS,20210816,20210817155008,Out,,,,JA70003000,6427748.3815,13861.969000000001,,7077658,,
K21380,2021091401,2021,10.8,Non-corrected airborne GPS,20210914,20210914135927,Out,,,,JA70003000,107674.7157,1797.0248000000001,,7077659,,
K21425,2021090701,2021,1.1,Non-corrected airborne GPS,20210907,20210907151716,Out,,,,JA70003000,11316.3672,441.6411,,7077660,,
K21433,2021070601,2021,140.8,Non-corrected airborne GPS,20210706,20210709174450,Out,,,,JA70003000,1407736.9531,6480.522400000001,,7077661,,
K21478,2021080901,2021,219.5,Non-corrected airborne GPS,20210809,20210809182359,Out,,,,JA70003000,2195193.773,7272.4843,,7077662,,
K21556,2021091401,2021,56.7,Non-corrected ground GPS,20210914,20210914144325,Out,829,Napier Lake,http://bcfireinfo.for.gov.bc.ca/hprScripts/WildfireNews/OneFire.asp?ID=829,JA70003000,566512.1688,3768.1445000000003,,7077663,,
K21252,2021082001,2021,48.2,Processed IR image,20210820,20210820185755,Out,,,,JA70003000,482090.0635,4512.321,,7077650,,
K21274,2021071501,2021,10.8,Non-corrected ground GPS,20210715,20210727134732,Out,,,,JA70003000,108103.1367,1429.7532,,7077651,,
K21296,2021072601,2021,6.2,Non-corrected ground GPS,20210726,20210726170909,Out,,,,JA70003000,62010.4139,1119.8696,,7077652,,
K21301,2021100601,2021,1.3,Non-corrected ground GPS,20211006,20211008105433,Out,,,,JA70003000,12861.7736,485.9031,,7077653,,
K20386,2021042201,2021,2.5,Non-corrected ground GPS,20210422,20210427104738,Out,,,,JA70003000,24708.3482,992.2905000000001,,7077635,,
K20409,2021042501,2021,0,Non-corrected ground GPS,20210425,20210427105640,Out,,,,JA70003000,293.6837,94.9693,,7077636,,
K20499,2021072101,2021,7.3,Non-corrected ground GPS,20210721,20210729160630,Out,,,,JA70003000,73469.58,1777.4861,,7077637,,
K20725,2021060801,2021,27.2,Non-corrected ground GPS,20210608,20210628114322,Out,,,,JA70003000,272095.3508,2596.5845,,7077638,,
K20798,2021062501,2021,4.5,Non-corrected ground GPS,20210625,20210625140017,Out,,,,JA70003000,44720.4443,1361.5852,,7077639,,
K20868,2021062201,2021,0,Non-corrected ground GPS,20210622,20210728083054,Out,,,,JA70003000,342.01030000000003,73.851,,7077640,,
K20927,2021091701,2021,3.4,Hand sketch of any type,20210917,20210917133603,Out,,,,JA70003000,34374.2744,748.9616000000001,,7077641,,
K21001,2021082001,2021,89626.7,Digitized other,20210820,20210821093905,Out,811,Sparks Lake,http://bcfireinfo.for.gov.bc.ca/hprScripts/WildfireNews/OneFire.asp?ID=811,JA70003000,896267071.3417,339924.4813,,7077642,,
K21012,2021062801,2021,0,Non-corrected ground GPS,20210628,20210728083141,Out,,,,JA70003000,64.80590000000001,39.2516,,7077643,,
K21224,2021072601,2021,55.7,Non-corrected ground GPS,20210726,20210727135649,Out,,,,JA70003000,556577.4216,3017.0912000000003,,7077644,,
K21225,2021090901,2021,1.1,Non-corrected ground GPS,20210909,20210910094243,Out,,,,JA70003000,11247.6577,678.5205000000001,,7077645,,
K21232,2021071301,2021,289.6,Hand sketch of any type,20210713,20210713174834,Out,819,Durand Lake,http://bcfireinfo.for.gov.bc.ca/hprScripts/WildfireNews/OneFire.asp?ID=819,JA70003000,2895642.974,9847.044100000001,,7077646,,
K22218,2021080401,2021,111.8,Non-corrected airborne GPS,20210804,20210805163817,Out,,,,JA70003000,1117755.8291,4072.3438,,7077682,,
K22230,2021080401,2021,2179,Non-corrected airborne GPS,20210804,20210805122357,Out,,,,JA70003000,21790251.8154,35483.2521,,7077683,,
K22231,2021072801,2021,39.300000000000004,Non-corrected airborne GPS,20210728,20210804130754,Out,,,,JA70003000,392762.791,2542.5055,,7077684,,
K22328,2021082801,2021,10.9,Non-corrected airborne GPS,20210828,20210907150154,Out,,,,JA70003000,108645.8742,1256.4521,,7077685,,
K22413,2021082501,2021,16.9,Non-corrected ground GPS,20210825,20210826084107,Out,,,,JA70003000,168860.8917,3178.1733,,7077686,,
K22416,2021080401,2021,60.7,Non-corrected airborne GPS,20210804,20210805162946,Out,,,,JA70003000,606903.7566,2853.4624000000003,,7077687,,
K22419,2021081601,2021,10.9,Non-corrected airborne GPS,20210816,20210817145426,Out,,,,JA70003000,108907.776,1213.0276000000001,,7077688,,
K22537,2021090701,2021,2.1,Non-corrected airborne GPS,20210907,20210907153335,Out,,,,JA70003000,21006.8846,705.6276,,7077689,,
K22556,2021081101,2021,1.2,Non-corrected ground GPS,20210811,20210812154049,Out,,,,JA70003000,11829.2061,510.90880000000004,,7077690,,
K22566,2021081601,2021,65.1,Non-corrected airborne GPS,20210816,20210817152726,Out,,,,JA70003000,651040.7571,3440.0544,,7077691,,
K22825,2021091301,2021,2,Corrected ground GPS,20210913,20210917124633,Out,,,,JA70003000,19718.0513,784.437,,7077692,,
K22835,2021091601,2021,7.5,Non-corrected ground GPS,20210916,20210924105942,Out,,,,JA70003000,74511.359,1419.4497000000001,,7077693,,
K22880,2021100601,2021,1.3,Non-corrected ground GPS,20211006,20211008104310,Out,,,,JA70003000,13079.7727,882.2196,,7077694,,
K40004,2021040201,2021,102.8,Hand sketch of any type,20210402,20210409151829,Out,,,,JA70003000,1028083.1454,4309.7661,,7077695,,
K40417,2021042701,2021,11.3,Non-corrected ground GPS,20210427,20210429114045,Out,,,,JA70003000,112806.9015,2435.9165000000003,,7077696,,
K40590,2021052301,2021,1.4000000000000001,Hand sketch of any type,20210523,20210927143412,Out,,,,JA70003000,14199.174200000001,743.8128,,7077697,,
K21614,2021070901,2021,3.9,Non-corrected ground GPS,20210709,20210712153808,Out,,,,JA70003000,39147.3108,1420.5238000000002,,7077664,,
K21644,2021072401,2021,991.1,Non-corrected ground GPS,20210724,20210724154908,Out,836,Embleton Mountain,http://bcfireinfo.for.gov.bc.ca/hprScripts/WildfireNews/OneFire.asp?ID=836,JA70003000,9911398.0801,12658.3142,,7077665,,
K21658,2021082901,2021,17068.2,Non-corrected airborne GPS,20210829,20210829091643,Out,852,Momich Lake,http://bcfireinfo.for.gov.bc.ca/hprScripts/WildfireNews/OneFire.asp?ID=852,JA70003000,170682356.2138,184598.9933,,7077666,,
K21809,2021081601,2021,481.6,Non-corrected airborne GPS,20210816,20210817125631,Out,,,,JA70003000,4815950.642,8454.2022,,7077667,,
K21849,2021082001,2021,62523.6,Non-corrected airborne GPS,20210820,20210821093718,Out,843,Tremont Creek,http://bcfireinfo.for.gov.bc.ca/hprScripts/WildfireNews/OneFire.asp?ID=843,JA70003000,625236068.2171,206377.3107,,7077668,,
K21867,2021080401,2021,395,Non-corrected airborne GPS,20210804,20210805110011,Out,,,,JA70003000,3950222.8959,9226.689,,7077669,,
K21887,2016072601,2021,11.4,Non-corrected ground GPS,20160726,20210726171516,Out,,,,JA70003000,113743.9933,1521.1702,,7077670,,
K21890,2021071701,2021,192.5,Non-corrected airborne GPS,20210717,20210717200219,Out,,,,JA70003000,1924738.9926,6300.8728,,7077671,,
K21899,2021072201,2021,4.5,Non-corrected ground GPS,20210722,20210722155348,Out,,,,JA70003000,44583.957,1312.1297,,7077672,,
K21932,2021071501,2021,33.4,Non-corrected airborne GPS,20210715,20210723163545,Out,,,,JA70003000,333585.0896,2464.4905000000003,,7077673,,
K21937,2021071801,2021,13.200000000000001,Non-corrected ground GPS,20210718,20211005132613,Out,,,,JA70003000,131680.3539,1401.1163000000001,,7077674,,
K21996,2021072101,2021,3,Non-corrected airborne GPS,20210721,20210722133136,Out,,,,JA70003000,30432.9181,780.8229,,7077675,,
K21997,2021080401,2021,66.6,Non-corrected airborne GPS,20210804,20210805125053,Out,,,,JA70003000,666273.2719,3056.7261000000003,,7077676,,
K22000,2021071701,2021,49.5,Non-corrected airborne GPS,20210717,20210717195501,Out,,,,JA70003000,495208.0502,3541.7412000000004,,7077677,,
K22007,2021081301,2021,832.4,Non-corrected airborne GPS,20210813,20210813162522,Out,,,,JA70003000,8323815.387,16357.9464,,7077678,,
K22017,2021071701,2021,30.900000000000002,Non-corrected airborne GPS,20210717,20210717194439,Out,,,,JA70003000,309131.9338,2475.0034,,7077679,,
K22068,2021072901,2021,583.5,Non-corrected airborne GPS,20210729,20210805114047,Out,,,,JA70003000,5835359.0392,14356.4534,,7077680,,
K22197,2021081601,2021,162.4,Non-corrected airborne GPS,20210816,20210817120221,Out,,,,JA70003000,1624314.0701,6227.7165,,7077681,,
K41807,2021082101,2021,500,Processed IR image,20210821,20210821143843,Out,861,Three Valley Lake,http://bcfireinfo.for.gov.bc.ca/hprScripts/WildfireNews/OneFire.asp?ID=861,JA70003000,4999907.7439,10902.7487,,7077712,,
K41850,2021071201,2021,1.6,Non-corrected ground GPS,20210712,20210724151401,Out,,,,JA70003000,16183.8161,1046.3254,,7077713,,
K41886,2021071801,2021,6.2,Hand sketch of any type,20210718,20210718204503,Out,,,,JA70003000,61528.693,990.4552,,7077714,,
K41921,2021081701,2021,745,Processed IR image,20210817,20210817103452,Out,,,,JA70003000,7450433.4719,16715.4482,,7077715,,
K42042,2021082401,2021,5080.6,Non-corrected airborne GPS,20210824,20210824165726,Out,,,,JA70003000,50806466.173,47212.2452,,7077716,,
K42078,2021082801,2021,2456.1,Non-corrected airborne GPS,20210828,20210828091022,Out,862,Two Mile Road,http://bcfireinfo.for.gov.bc.ca/hprScripts/WildfireNews/OneFire.asp?ID=862,JA70003000,24561314.5935,43370.8857,,7077717,,
K42091,2021082301,2021,10.6,Non-corrected ground GPS,20210823,20210823184241,Out,,,,JA70003000,106188.4787,1571.4436,,7077718,,
K42129,2021082401,2021,101.9,Non-corrected airborne GPS,20210824,20210825152501,Out,,,,JA70003000,1018843.006,4063.936,,7077719,,
K42214,2021082401,2021,383.40000000000003,Non-corrected airborne GPS,20210824,20210825162612,Out,,,,JA70003000,3834077.3877,10488.3412,,7077723,,
K42399,2021082501,2021,167.70000000000002,Non-corrected airborne GPS,20210825,20210826073737,Out,,,,JA70003000,1677318.2345,6833.8818,,7077724,,
K42400,2021082501,2021,65.5,Non-corrected airborne GPS,20210825,20210826074545,Out,,,,JA70003000,654687.1619,3460.2154,,7077725,,
K42401,2021082501,2021,3.1,Non-corrected airborne GPS,20210825,20210826080612,Out,,,,JA70003000,31006.4158,697.9513000000001,,7077726,,
K42402,2021082501,2021,5,Non-corrected airborne GPS,20210825,20210826081147,Out,,,,JA70003000,50045.5635,871.8681,,7077727,,
K42431,2021080501,2021,96.60000000000001,Non-corrected airborne GPS,20210805,20210805155249,Out,,,,JA70003000,966434.2175,6694.051600000001,,7077728,,
K42487,2021081601,2021,4.3,Processed IR image,20210816,20210816154244,Out,,,,JA70003000,42676.0098,963.6519000000001,,7077729,,
K42579,2021081901,2021,19.5,Non-corrected airborne GPS,20210819,20210819151322,Out,,,,JA70003000,194628.737,1732.7644,,7077730,,
K42750,2021090301,2021,1.1,Non-corrected ground GPS,20210903,20210920094205,Out,,,,JA70003000,11105.0705,631.0316,,7077731,,
K50065,2021040401,2021,3.4,Non-corrected ground GPS,20210404,20210421133522,Out,,,,JA70003000,33923.0848,1208.8883,,7077732,,
K50121,2021040801,2021,1.1,Non-corrected ground GPS,20210408,20210517095216,Out,,,,JA70003000,10786.3671,473.10720000000003,,7077733,,
K50191,2021041001,2021,1.8,Non-corrected ground GPS,20210410,20210514160521,Out,,,,JA70003000,17857.212,844.8219,,7077734,,
K50388,2021042201,2021,1.5,Non-corrected ground GPS,20210422,20210514135256,Out,,,,JA70003000,15484.3864,580.1996,,7077735,,
K50390,2021042201,2021,2.5,Non-corrected ground GPS,20210422,20210514161245,Out,,,,JA70003000,24954.792699999998,1301.7208,,7077736,,
K50645,2021052601,2021,1.1,Non-corrected ground GPS,20210526,20210528151954,Out,,,,JA70003000,11437.6743,470.4397,,7077737,,
K42137,2021081801,2021,480.5,Non-corrected airborne GPS,20210818,20210818195826,Out,,,,JA70003000,4804535.0805,11562.7126,,7077720,,
K42139,2021082401,2021,466.90000000000003,Non-corrected airborne GPS,20210824,20210825160655,Out,,,,JA70003000,4669243.4984,9111.4873,,7077721,,
K42140,2021082401,2021,1150.3,Non-corrected airborne GPS,20210824,20210825154842,Out,,,,JA70003000,11503376.5113,17751.6274,,7077722,,
K40711,2021060301,2021,4.4,Non-corrected ground GPS,20210603,20210624083108,Out,,,,JA70003000,43590.981700000004,973.7807,,7077698,,
K41277,2021070701,2021,27.900000000000002,Non-corrected airborne GPS,20210707,20210708124344,Out,,,,JA70003000,278591.4964,2471.0469000000003,,7077699,,
K41283,2021082401,2021,44.6,Non-corrected airborne GPS,20210824,20210825161552,Out,,,,JA70003000,445506.8303,3825.0091,,7077700,,
K41367,2021071901,2021,3.3000000000000003,Non-corrected ground GPS,20210719,20210721114547,Out,,,,JA70003000,33299.8886,791.6188000000001,,7077701,,
K41384,2021080601,2021,294.1,Processed IR image,20210806,20210806214149,Out,,,,JA70003000,2940601.7009,13825.3159,,7077702,,
K41561,2021081801,2021,5203.6,Non-corrected ground GPS,20210818,20210818184846,Out,853,Bunting Road,http://bcfireinfo.for.gov.bc.ca/hprScripts/WildfireNews/OneFire.asp?ID=853,JA70003000,52035733.0546,65285.0963,,7077703,,
K41651,2021080701,2021,1353.7,Corrected airborne GPS,20210807,20210808140227,Out,,,,JA70003000,13536903.3585,25317.5649,,7077704,,
K41656,2021082001,2021,586.9,Processed scanned photo,20210820,20210820104955,Out,,,,JA70003000,5869393.3,14121.803100000001,,7077705,,
K41676,2021082501,2021,3984.1,Non-corrected airborne GPS,20210825,20210825172149,Out,851,Hunakwa Lake,http://bcfireinfo.for.gov.bc.ca/hprScripts/WildfireNews/OneFire.asp?ID=851,JA70003000,39840586.9591,58162.2717,,7077706,,
K41708,2021071101,2021,42.7,Non-corrected airborne GPS,20210711,20210713085416,Out,,,,JA70003000,427093.2383,3927.6658,,7077707,,
K41727,2021071101,2021,34.800000000000004,Non-corrected airborne GPS,20210711,20210711123624,Out,839,Becker Lake,http://bcfireinfo.for.gov.bc.ca/hprScripts/WildfireNews/OneFire.asp?ID=839,JA70003000,348164.76410000003,2194.155,,7077708,,
K41741,2021072701,2021,1.2,Non-corrected ground GPS,20210727,20210727181955,Out,,,,JA70003000,11614.8131,793.3818,,7077709,,
K41752,2021081801,2021,27,Processed IR image,20210818,20210818173625,Out,,,,JA70003000,269636.6139,2219.1951,,7077710,,
K41769,2021082401,2021,4389,Non-corrected ground GPS,20210824,20210824180837,Out,866,Crazy Creek Gorge FSR,http://bcfireinfo.for.gov.bc.ca/hprScripts/WildfireNews/OneFire.asp?ID=866,JA70003000,43889970.1159,53256.4625,,7077711,,
K52791,2021090601,2021,1,Non-corrected ground GPS,20210906,20211005153441,Out,,,,JA70003000,10423.0198,513.1165,,7077757,,
K52905,2021102101,2021,3.1,Non-corrected ground GPS,20211021,20211028105019,Out,,,,JA70003000,30675.7606,1005.8095000000001,,7077758,,
K60062,2021050501,2021,31,Non-corrected ground GPS,20210505,20210528145635,Out,,,,JA70003000,309870.3953,2827.2573,,7077759,,
K60064,2021040501,2021,839.6,Non-corrected airborne GPS,20210405,20210416111427,Out,,,,JA70003000,8396017.1489,24003.0965,,7077760,,
K60225,2021041501,2021,3,Non-corrected ground GPS,20210415,20210416102857,Out,,,,JA70003000,30200.6106,863.951,,7077761,,
K60230,2021042101,2021,462.3,Non-corrected airborne GPS,20210421,20210422095826,Out,,,,JA70003000,4623158.0229,9408.316,,7077762,,
K60293,2021041801,2021,98.5,Non-corrected airborne GPS,20210418,20210419172842,Out,809,Petit Creek,http://bcfireinfo.for.gov.bc.ca/hprScripts/WildfireNews/OneFire.asp?ID=809,JA70003000,985222.1622,4477.5392,,7077763,,
K60349,2021042001,2021,2.2,Non-corrected ground GPS,20210420,20210611164014,Out,,,,JA70003000,21844.0423,595.1286,,7077764,,
K60810,2021061601,2021,8.8,Non-corrected ground GPS,20210616,20210622160833,Out,,,,JA70003000,88414.8437,1285.5589,,7077765,,
K61230,2021082501,2021,9.3,Non-corrected airborne GPS,20210825,20210826113351,Out,,,,JA70003000,92614.9768,1401.9016000000001,,7077766,,
K61546,2021072101,2021,1.7,Non-corrected ground GPS,20210721,20210730074306,Out,,,,JA70003000,17158.7981,650.6093000000001,,7077767,,
K61674,2021071001,2021,12.1,Hand sketch of any type,20210710,20210710130730,Out,,,,JA70003000,121118.7785,1637.258,,7077768,,
K61882,2021091001,2021,19335.5,Non-corrected airborne GPS,20210910,20210910183600,Out,859,July Mountain,http://bcfireinfo.for.gov.bc.ca/hprScripts/WildfireNews/OneFire.asp?ID=859,JA70003000,193355414.6244,105938.1502,,7077769,,
K50654,2021052701,2021,2.6,Non-corrected ground GPS,20210527,20210623135814,Out,,,,JA70003000,26155.6449,1309.7565,,7077738,,
K50901,2021062401,2021,46.9,Non-corrected ground GPS,20210624,20211005151421,Out,,,,JA70003000,468581.0053,2747.2200000000003,,7077739,,
K50974,2021062801,2021,0.7000000000000001,Non-corrected ground GPS,20210628,20210917162047,Out,,,,JA70003000,7406.0108,510.10540000000003,,7077740,,
K51037,2021070101,2021,1.7,Non-corrected ground GPS,20210701,20211005152541,Out,,,,JA70003000,16662.776400000002,868.1258,,7077741,,
K51040,2021070201,2021,63.300000000000004,Non-corrected ground GPS,20210702,20211028101006,Out,,,,JA70003000,633289.3081,3364.8119,,7077742,,
K51041,2021071401,2021,1162.8,Non-corrected ground GPS,20210714,20210714130219,Out,,,,JA70003000,11628128.1089,22054.3406,,7077743,,
K51072,2021063001,2021,1.8,Non-corrected ground GPS,20210630,20211028104407,Out,,,,JA70003000,17594.0733,519.77,,7077744,,
K51241,2021072601,2021,1.7,Non-corrected ground GPS,20210726,20210727162005,Out,,,,JA70003000,17099.7518,588.9388,,7077745,,
K51423,2021072601,2021,43.800000000000004,Non-corrected ground GPS,20210726,20210727163343,Out,,,,JA70003000,437940.1601,3760.8998,,7077746,,
K51453,2021070501,2021,1.9000000000000001,Non-corrected ground GPS,20210705,20210709143210,Out,,,,JA70003000,18833.896399999998,620.0377000000001,,7077747,,
K51794,2021081602,2021,10596.9,Non-corrected airborne GPS,20210816,20210816200819,Out,840,Thomas Creek,http://bcfireinfo.for.gov.bc.ca/hprScripts/WildfireNews/OneFire.asp?ID=840,JA70003000,105968908.3942,92785.338,,7077748,,
K51845,2021073101,2021,404.7,Non-corrected airborne GPS,20210731,20210801174104,Out,,,,JA70003000,4047421.9242,11645.4316,,7077749,,
K51924,2021080401,2021,870.9,Non-corrected ground GPS,20210804,20210805083848,Out,847,Brenda Creek,http://bcfireinfo.for.gov.bc.ca/hprScripts/WildfireNews/OneFire.asp?ID=847,JA70003000,8708606.3943,17430.2411,,7077750,,
K52061,2021091001,2021,19927.2,Digitized other,20210910,20210912100537,Out,860,Nk'Mip,http://bcfireinfo.for.gov.bc.ca/hprScripts/WildfireNews/OneFire.asp?ID=860,JA70003000,199272291.1109,116014.0448,,7077751,,
K52438,2021080601,2021,3.4,Non-corrected ground GPS,20210806,20210920142000,Out,,,,JA70003000,34330.5599,958.908,,7077752,,
K52627,2021090501,2021,976,Non-corrected airborne GPS,20210905,20210905125838,Out,872,Mt Law,http://bcfireinfo.for.gov.bc.ca/hprScripts/WildfireNews/OneFire.asp?ID=872,JA70003000,9759900.6428,15081.4356,,7077753,,
K52716,2021100701,2021,1.6,Hand sketch of any type,20211007,20211007143137,Out,,,,JA70003000,16061.275099999999,527.1906,,7077754,,
K52739,2021090501,2021,226.6,Non-corrected ground GPS,20210905,20210905202744,Out,874,Skaha Creek,http://bcfireinfo.for.gov.bc.ca/hprScripts/WildfireNews/OneFire.asp?ID=874,JA70003000,2266098.8043,6672.3819,,7077755,,
K52762,2021090501,2021,166.20000000000002,Non-corrected ground GPS,20210905,20210905212314,Out,875,Hedges Butte,http://bcfireinfo.for.gov.bc.ca/hprScripts/WildfireNews/OneFire.asp?ID=875,JA70003000,1662315.7716,7707.889700000001,,7077756,,
N11286,2021070701,2021,27,Derived from satellite imagery,20210707,20210708080951,Out,,,,JA70003000,269942.1856,3369.0827000000004,,7077786,,
N11629,2021080701,2021,2992.9,Non-corrected airborne GPS,20210807,20210808084811,Out,856,Bill Nye Mountain,http://bcfireinfo.for.gov.bc.ca/hprScripts/WildfireNews/OneFire.asp?ID=856,JA70003000,29929412.4836,28888.4652,,7077787,,
N11661,2021090901,2021,1.3,Hand sketch of any type,20210909,20210909125015,Out,,,,JA70003000,13464.805400000001,561.9209000000001,,7077788,,
N11795,2021081201,2021,1130.5,Derived from satellite imagery,20210812,20210813180636,Out,,,,JA70003000,11304593.9703,17977.394,,7077789,,
N12156,2021081801,2021,312.2,Non-corrected airborne GPS,20210818,20210818155208,Out,,,,JA70003000,3122077.4191,10431.9387,,7077794,,
N12426,2021081801,2021,7.8,Non-corrected airborne GPS,20210818,20210818155833,Out,,,,JA70003000,78301.5235,1217.1897000000001,,7077795,,
N12620,2021081601,2021,286.40000000000003,Non-corrected airborne GPS,20210816,20210816132922,Out,871,Plumbob Mountain,http://bcfireinfo.for.gov.bc.ca/hprScripts/WildfireNews/OneFire.asp?ID=871,JA70003000,2863732.2664,10451.8538,,7077796,,
N12891,2021102901,2021,24.8,Hand sketch of any type,20211029,20211029103954,Out,,,,JA70003000,247914.4336,2413.6147,,7077797,,
N20067,2021040501,2021,5.3,Non-corrected ground GPS,20210405,20210609094944,Out,,,,JA70003000,53383.5685,1759.9472,,7077798,,
N20262,2021041801,2021,12.9,Non-corrected ground GPS,20210418,20210419110234,Out,,,,JA70003000,128579.9836,3197.7301,,7077799,,
N20364,2021042301,2021,2.3000000000000003,Non-corrected ground GPS,20210423,20210426093134,Out,,,,JA70003000,22919.0535,886.7373,,7077800,,
N20370,2021042201,2021,8.5,Non-corrected ground GPS,20210422,20210423131321,Out,,,,JA70003000,85410.3132,1423.7217,,7077801,,
N21307,2021090901,2021,1.7,Hand sketch of any type,20210909,20210910102840,Out,,,,JA70003000,17043.7271,849.9717,,7077802,,
N21319,2021070301,2021,4.6000000000000005,Non-corrected ground GPS,20210703,20210706160533,Out,,,,JA70003000,45663.438,1306.1390000000001,,7077803,,
N21360,2021070701,2021,25.1,Non-corrected ground GPS,20210707,20210707170532,Out,,,,JA70003000,250801.2911,3991.2529000000004,,7077804,,
N21737,2021073001,2021,4.4,Derived from satellite imagery,20210730,20210803103749,Out,,,,JA70003000,43935.7678,817.4203,,7077805,,
N21981,2021091001,2021,66.5,Non-corrected airborne GPS,20210910,20210913085650,Out,,,,JA70003000,664823.9927,3385.3049,,7077806,,
N11870,2021073001,2021,10.8,Derived from satellite imagery,20210730,20210803094647,Out,,,,JA70003000,107943.4662,1308.4968000000001,,7077790,,
N11956,2021091001,2021,1.1,Hand sketch of any type,20210910,20210910105604,Out,,,,JA70003000,10899.7698,397.3163,,7077791,,
N11958,2021080501,2021,540.6,Non-corrected airborne GPS,20210805,20210805184100,Out,,,,JA70003000,5405907.5319,11245.3388,,7077792,,
N11960,2021081801,2021,146.8,Non-corrected airborne GPS,20210818,20210818154303,Out,,,,JA70003000,1467972.5226,5370.7796,,7077793,,
K61884,2021090301,2021,83046.5,Non-corrected airborne GPS,20210903,20210905085224,Out,855,White Rock Lake,http://bcfireinfo.for.gov.bc.ca/hprScripts/WildfireNews/OneFire.asp?ID=855,JA70003000,830464653.2948,322780.5579,,7077770,,
K61949,2021072201,2021,15.4,Hand sketch of any type,20210722,20210825162203,Out,,,,JA70003000,153928.8994,2014.2193000000002,,7077771,,
K62030,2021072501,2021,47.6,Non-corrected ground GPS,20210725,20210727150716,Out,,,,JA70003000,476313.6204,3310.3392000000003,,7077772,,
K62058,2021081801,2021,268.6,Processed IR image,20210818,20210818115646,Out,,,,JA70003000,2685562.045,7905.2241,,7077773,,
K62088,2021090701,2021,14617.9,Non-corrected airborne GPS,20210907,20210909143123,Out,864,Garrison Lake,http://bcfireinfo.for.gov.bc.ca/hprScripts/WildfireNews/OneFire.asp?ID=864,JA70003000,146179074.9061,88185.5602,,7077774,,
K62285,2021080201,2021,0.4,Non-corrected ground GPS,20210802,20210802133142,Out,,,,JA70003000,3917.5954,416.91360000000003,,7077775,,
K70175,2021041201,2021,1.1,Hand sketch of any type,20210412,20211108162658,Out,,,,JA70003000,11163.2715,437.0863,,7077776,,
K70204,2021041401,2021,6.5,Non-corrected ground GPS,20210414,20210601162225,Out,,,,JA70003000,65474.0777,1301.4908,,7077777,,
K70228,2021041601,2021,4.9,Non-corrected ground GPS,20210416,20210630093436,Out,,,,JA70003000,49467.4305,1344.0081,,7077778,,
K70804,2021082101,2021,5017.1,Non-corrected airborne GPS,20210821,20210821150857,Out,810,George Road,http://bcfireinfo.for.gov.bc.ca/hprScripts/WildfireNews/OneFire.asp?ID=810,JA70003000,50171374.7657,37581.1474,,7077779,,
K71030,2021082102,2021,44964.200000000004,Processed IR image,20210821,20210822092228,Out,812,Mckay Creek,http://bcfireinfo.for.gov.bc.ca/hprScripts/WildfireNews/OneFire.asp?ID=812,JA70003000,449642355.5462,194908.3886,,7077780,,
K71039,2021072701,2021,1.3,Non-corrected ground GPS,20210727,20210729153213,Out,,,,JA70003000,13159.6544,507.54490000000004,,7077781,,
K71086,2021082701,2021,83671.3,Non-corrected ground GPS,20210827,20210827083450,Out,818,Lytton Creek,http://bcfireinfo.for.gov.bc.ca/hprScripts/WildfireNews/OneFire.asp?ID=818,JA70003000,836713254.0937,265282.6456,,7077782,,
N10249,2021041601,2021,4.1,Non-corrected ground GPS,20210416,20210511113102,Out,,,,JA70003000,40903.4373,796.3182,,7077783,,
N10288,2021042101,2021,1.2,Non-corrected ground GPS,20210421,20210511132656,Out,,,,JA70003000,12291.0839,571.9443,,7077784,,
N10381,2021042201,2021,2,Non-corrected ground GPS,20210422,20210510094029,Out,,,,JA70003000,19974.8694,587.4661,,7077785,,
N42210,2021081801,2021,103.5,Non-corrected airborne GPS,20210818,20210819082322,Out,,,,JA70003000,1034893.3549,5053.0002,,7077829,,
N42253,2021090901,2021,1.1,Hand sketch of any type,20210909,20210909151553,Out,,,,JA70003000,10918.482,428.214,,7077830,,
N42291,2021081401,2021,26.7,Non-corrected airborne GPS,20210814,20210815141342,Out,,,,JA70003000,266698.8265,2598.7865,,7077831,,
N42293,2021090901,2021,20.5,Hand sketch of any type,20210909,20210910090255,Out,,,,JA70003000,204729.7919,2064.2925,,7077832,,
N42468,2021081401,2021,5.1000000000000005,Non-corrected airborne GPS,20210814,20210815142744,Out,,,,JA70003000,50561.6359,879.2157000000001,,7077833,,
N42605,2021081401,2021,18.6,Non-corrected airborne GPS,20210814,20210814162556,Out,,,,JA70003000,185664.2468,2333.3434,,7077834,,
N50348,2021051101,2021,1.5,Non-corrected ground GPS,20210511,20210514134730,Out,,,,JA70003000,14526.041000000001,569.0790000000001,,7077835,,
N50673,2021060302,2021,5.7,Non-corrected ground GPS,20210603,20210624102626,Out,,,,JA70003000,56869.025,1789.8194,,7077836,,
N51165,2021070202,2021,20.8,Non-corrected ground GPS,20210702,20210705150345,Out,817,Merry Creek,http://bcfireinfo.for.gov.bc.ca/hprScripts/WildfireNews/OneFire.asp?ID=817,JA70003000,207521.7363,2727.0967,,7077837,,
N51317,2021072101,2021,283.90000000000003,Derived from satellite imagery,20210721,20210722104906,Out,,,,JA70003000,2839376.7984,6331.7282000000005,,7077838,,
N51677,2021072801,2021,38.300000000000004,Non-corrected airborne GPS,20210728,20210729094444,Out,,,,JA70003000,382815.0972,3474.2868000000003,,7077839,,
N51688,2021080201,2021,2801.2000000000003,Derived from satellite imagery,20210802,20210802184628,Out,,,,JA70003000,28012229.7323,67455.2457,,7077840,,
N51705,2021081402,2021,5952.6,Non-corrected airborne GPS,20210814,20210815082245,Out,845,Trozzo Creek,http://bcfireinfo.for.gov.bc.ca/hprScripts/WildfireNews/OneFire.asp?ID=845,JA70003000,59525664.7049,62019.3693,,7077841,,
N51724,2021081901,2021,2359.5,Non-corrected airborne GPS,20210819,20210820081844,Out,,,,JA70003000,23595038.6341,38432.6922,,7077842,,
N51734,2021072001,2021,77.10000000000001,Non-corrected airborne GPS,20210720,20210720190139,Out,,,,JA70003000,770587.2313,3840.1419,,7077843,,
N51756,2021071202,2021,32.3,Non-corrected ground GPS,20210712,20210713111958,Out,837,Beavervale Creek,http://bcfireinfo.for.gov.bc.ca/hprScripts/WildfireNews/OneFire.asp?ID=837,JA70003000,323256.4669,5015.3972,,7077844,,
N51765,2021082601,2021,14032.9,Hand sketch of any type,20210826,20210826115118,Out,854,Michaud Creek,http://bcfireinfo.for.gov.bc.ca/hprScripts/WildfireNews/OneFire.asp?ID=854,JA70003000,140329245.0428,145087.8869,,7077845,,
N51800,2021082402,2021,22041.8,Non-corrected airborne GPS,20210824,20210824183444,Out,857,Octopus Creek,http://bcfireinfo.for.gov.bc.ca/hprScripts/WildfireNews/OneFire.asp?ID=857,JA70003000,220418376.2171,144447.403,,7077846,,
N51806,2021072801,2021,26.400000000000002,Non-corrected airborne GPS,20210728,20210729095916,Out,,,,JA70003000,263721.9984,3170.5504,,7077847,,
N51837,2021071401,2021,18,Non-corrected airborne GPS,20210714,20210715084654,Out,,,,JA70003000,179919.3891,1785.2407,,7077848,,
N22147,2021072701,2021,103.7,Non-corrected airborne GPS,20210727,20210727122226,Out,863,Mineral Creek,http://bcfireinfo.for.gov.bc.ca/hprScripts/WildfireNews/OneFire.asp?ID=863,JA70003000,1037365.0586,4969.303800000001,,7077807,,
N41218,2021090901,2021,1.3,Hand sketch of any type,20210909,20210909092855,Out,,,,JA70003000,13142.6981,547.2732,,7077808,,
N41221,2021081401,2021,457.1,Non-corrected airborne GPS,20210814,20210815144451,Out,,,,JA70003000,4571169.864,15403.3994,,7077809,,
N41254,2021080401,2021,430.8,Non-corrected airborne GPS,20210804,20210805081326,Out,,,,JA70003000,4308003.903,12356.4984,,7077810,,
N41262,2021070401,2021,22.1,Non-corrected ground GPS,20210704,20210706081100,Out,,,,JA70003000,220730.9711,1900.3541,,7077811,,
N41801,2021081301,2021,4.1,Non-corrected airborne GPS,20210813,20210813133803,Out,,,,JA70003000,41318.1228,788.9340000000001,,7077812,,
N41804,2021071301,2021,81.9,Non-corrected airborne GPS,20210713,20210714110110,Out,,,,JA70003000,818785.7388,4553.1048,,7077813,,
N41814,2021073101,2021,911.1,Derived from satellite imagery,20210731,20210801140154,Out,,,,JA70003000,9110573.6159,23419.7884,,7077814,,
N41848,2021081401,2021,41.6,Non-corrected airborne GPS,20210814,20210815140412,Out,,,,JA70003000,416373.095,2651.5141000000003,,7077815,,
N41908,2021090901,2021,1,Hand sketch of any type,20210909,20210909110326,Out,,,,JA70003000,10024.774,467.4621,,7077816,,
N41971,2021071601,2021,99.9,Non-corrected airborne GPS,20210716,20210717162527,Out,,,,JA70003000,999039.8949,5339.0749000000005,,7077817,,
N42008,2021080401,2021,297.2,Non-corrected airborne GPS,20210804,20210805095353,Out,,,,JA70003000,2971586.5921,10086.7356,,7077818,,
N42062,2021080101,2021,9.9,Non-corrected airborne GPS,20210801,20210801134753,Out,,,,JA70003000,99442.9372,1882.3322,,7077819,,
N42063,2021081401,2021,68.4,Non-corrected airborne GPS,20210814,20210815142029,Out,,,,JA70003000,683690.8273,4502.3557,,7077820,,
N42094,2021080401,2021,445.3,Non-corrected airborne GPS,20210804,20210804080857,Out,,,,JA70003000,4452760.177,9536.3019,,7077821,,
N42099,2021090901,2021,1.1,Hand sketch of any type,20210909,20210909153706,Out,,,,JA70003000,11258.0032,398.6436,,7077822,,
N42108,2021072401,2021,10.8,Non-corrected airborne GPS,20210724,20210725095446,Out,,,,JA70003000,108020.2371,1611.3581000000001,,7077823,,
N42121,2021072401,2021,45.6,Non-corrected airborne GPS,20210724,20210724130233,Out,,,,JA70003000,455784.0286,2777.0643,,7077824,,
N42161,2021080401,2021,107.9,Non-corrected airborne GPS,20210804,20210804184906,Out,,,,JA70003000,1078517.7372,4267.3126,,7077825,,
N42162,2021081401,2021,210.9,Non-corrected airborne GPS,20210814,20210815145618,Out,,,,JA70003000,2108809.8564,5780.2678000000005,,7077826,,
N42177,2021081801,2021,50.5,Non-corrected airborne GPS,20210818,20210819083427,Out,,,,JA70003000,504913.2227,3300.1429000000003,,7077827,,
N42178,2021072501,2021,63.9,Non-corrected airborne GPS,20210725,20210725184759,Out,,,,JA70003000,639265.4472,4446.7113,,7077828,,
N62005,2021071801,2021,1.6,Non-corrected airborne GPS,20210718,20210827141211,Out,,,,JA70003000,15828.5154,825.3889,,7077864,,
N62234,2021073101,2021,2.1,Derived from satellite imagery,20210731,20210803095621,Out,,,,JA70003000,21197.0637,673.5961,,7077865,,
N62459,2021092301,2021,268.3,Non-corrected airborne GPS,20210923,20211001112032,Out,,,,JA70003000,2683256.1506,8082.316500000001,,7077866,,
N71743,2021081401,2021,910.6,Derived from satellite imagery,20210814,20210823170148,Out,,,,JA70003000,9105959.6141,20760.1211,,7077871,,
N71793,2021081202,2021,1075.6,Derived from satellite imagery,20210812,20210814133122,Out,,,,JA70003000,10755956.4724,30285.4025,,7077872,,
N71813,2021082101,2021,523,Non-corrected airborne GPS,20210821,20210821155746,Out,,,,JA70003000,5229716.1665,10774.3365,,7077873,,
N71875,2021082101,2021,248.70000000000002,Non-corrected airborne GPS,20210821,20210821161357,Out,,,,JA70003000,2486636.4746,7856.804,,7077874,,
N72185,2021082101,2021,189.6,Non-corrected airborne GPS,20210821,20210821160336,Out,,,,JA70003000,1896355.4601,6793.497,,7077875,,
N72257,2021073001,2021,1.2,Non-corrected ground GPS,20210730,20210910113100,Out,,,,JA70003000,12318.636,696.7368,,7077876,,
N72278,2021082101,2021,956.7,Digitized other,20210821,20210821155130,Out,,,,JA70003000,9567087.3382,19454.3567,,7077877,,
R10247,2021110501,2021,1.4000000000000001,Hand sketch of any type,20211105,20211115141528,Out,,,,JA70003000,14491.0203,524.8651,,7077878,,
R10362,2021110501,2021,0.4,Hand sketch of any type,20211105,20211115140824,Out,,,,JA70003000,4482.289000000001,301.4552,,7077879,,
N70508,2021051501,2021,6.4,Non-corrected ground GPS,20210515,20210603101842,Out,,,,JA70003000,63846.2172,2201.1355000000003,,7077867,,
N71245,2021083001,2021,7588.900000000001,Non-corrected airborne GPS,20210830,20210830162308,Out,865,Cultus Creek - MR,http://bcfireinfo.for.gov.bc.ca/hprScripts/WildfireNews/OneFire.asp?ID=865,JA70003000,75889276.4276,61340.093,,7077868,,
N71279,2021070301,2021,5.9,Non-corrected airborne GPS,20210703,20210703190143,Out,,,,JA70003000,59139.4208,1018.0199,,7077869,,
N71686,2021081401,2021,3795.1,Derived from satellite imagery,20210814,20210815104009,Out,858,Akokli Creek,http://bcfireinfo.for.gov.bc.ca/hprScripts/WildfireNews/OneFire.asp?ID=858,JA70003000,37951303.7565,31254.3718,,7077870,,
N51939,2021071501,2021,1.4000000000000001,Non-corrected ground GPS,20210715,20210718090455,Out,,,,JA70003000,14470.5553,770.6653,,7077849,,
N51953,2021071601,2021,2.5,Non-corrected ground GPS,20210716,20210914152010,Out,,,,JA70003000,24974.4638,901.1209,,7077850,,
N51991,2021072001,2021,17.400000000000002,Non-corrected airborne GPS,20210720,20210720191333,Out,,,,JA70003000,173995.9544,1912.3845000000001,,7077851,,
N51992,2021071601,2021,4.5,Non-corrected ground GPS,20210716,20210914135639,Out,,,,JA70003000,45046.9056,1409.6084,,7077852,,
N52080,2021100801,2021,1.5,Hand sketch of any type,20211008,20211012081656,Out,,,,JA70003000,15045.4207,786.1428000000001,,7077853,,
N52172,2021072801,2021,12.700000000000001,Non-corrected airborne GPS,20210728,20210729132023,Out,,,,JA70003000,126540.251,1416.0852,,7077854,,
N52447,2021080701,2021,36.5,Unknown,20210807,20210807133154,Out,,,,JA70003000,365225.476,2636.7638,,7077855,,
N52457,2021081101,2021,16.3,Unknown,20210811,20210813083317,Out,,,,JA70003000,162796.0393,2267.5078000000003,,7077856,,
N52461,2021101302,2021,2.4,Hand sketch of any type,20211013,20211013130712,Out,,,,JA70003000,24167.638899999998,723.1932,,7077857,,
N52517,2021081101,2021,11.700000000000001,Unknown,20210811,20210812165452,Out,,,,JA70003000,117012.2075,1744.8228000000001,,7077858,,
N52624,2021081501,2021,3.4,Non-corrected ground GPS,20210815,20210914154545,Out,,,,JA70003000,34408.5623,936.9722,,7077859,,
N60475,2021050701,2021,1.6,Non-corrected ground GPS,20210507,20210521105037,Out,,,,JA70003000,15932.7636,694.6332,,7077860,,
N61679,2021072001,2021,3.9,Non-corrected airborne GPS,20210720,20210827145919,Out,,,,JA70003000,38582.6321,1533.2188,,7077861,,
N61687,2021092301,2021,7911.2,Non-corrected airborne GPS,20210923,20211001110104,Out,,,,JA70003000,79112261.245,52498.064,,7077862,,
N61927,2021082501,2021,1.6,Non-corrected airborne GPS,20210825,20210827142315,Out,,,,JA70003000,15601.9678,627.1320000000001,,7077863,,
V52645,2021082301,2021,12.200000000000001,Non-corrected airborne GPS,20210823,20210823181837,Out,,,,JA70003000,121785.3463,1457.7703000000001,,7077905,,
V62452,2021080901,2021,29.8,Non-corrected ground GPS,20210809,20210810085324,Out,,,,JA70003000,297862.4465,3046.6116,,7077906,,
V62669,2021082202,2021,61.5,Non-corrected ground GPS,20210822,20210823082439,Out,873,Mt. Hayes,http://bcfireinfo.for.gov.bc.ca/hprScripts/WildfireNews/OneFire.asp?ID=873,JA70003000,614902.047,5062.4201,,7077907,,
V70999,2021062902,2021,2,Non-corrected ground GPS,20210629,20210922153652,Out,,,,JA70003000,19730.735800000002,751.8175,,7077908,,
V80323,2021042201,2021,16.9,Non-corrected airborne GPS,20210422,20210514135024,Out,,,,JA70003000,168939.7654,1704.8220000000001,,7077909,,
V82577,2021081301,2021,5.3,Non-corrected airborne GPS,20210813,20210813152520,Out,,,,JA70003000,53248.9615,920.4119000000001,,7077910,,
VA1545,2021080101,2021,299.90000000000003,Non-corrected airborne GPS,20210801,20210802152612,Out,,,,JA70003000,2998777.1924,8072.163100000001,,7077911,,
R11120,2021070401,2021,4.1,Non-corrected ground GPS,20210704,20210706081118,Out,,,,JA70003000,41229.0881,1203.8599000000002,,7077880,,
R11557,2021070901,2021,181.9,Non-corrected ground GPS,20210709,20210709202225,Out,830,Bulkley Lake,http://bcfireinfo.for.gov.bc.ca/hprScripts/WildfireNews/OneFire.asp?ID=830,JA70003000,1818646.3895,8352.3074,,7077881,,
R11562,2021081401,2021,20886.100000000002,Non-corrected airborne GPS,20210814,20210814132532,Out,850,Chief Louie Lake,http://bcfireinfo.for.gov.bc.ca/hprScripts/WildfireNews/OneFire.asp?ID=850,JA70003000,208860979.6068,121942.1393,,7077882,,
R12427,2021110501,2021,2.2,Hand sketch of any type,20211105,20211115135126,Out,,,,JA70003000,21937.9873,617.4925000000001,,7077883,,
R21558,2021071801,2021,72.10000000000001,Non-corrected ground GPS,20210718,20210718175608,Out,,,,JA70003000,720555.0688,5452.1383000000005,,7077884,,
R40187,2021041301,2021,1.3,Non-corrected ground GPS,20210413,20210510101613,Out,,,,JA70003000,12615.895400000001,555.1220000000001,,7077885,,
R40422,2021042601,2021,1.1,Non-corrected ground GPS,20210426,20210511085115,Out,,,,JA70003000,10645.1081,507.57050000000004,,7077886,,
R50518,2021051801,2021,4.3,Non-corrected ground GPS,20210518,20210527115128,Out,,,,JA70003000,42650.7157,2094.2994,,7077887,,
R91496,2021080101,2021,7493.8,Non-corrected airborne GPS,20210801,20210804114350,Out,,,,JA70003000,74938499.7276,63855.5944,,7077888,,
V10223,2021041502,2021,18.900000000000002,Non-corrected ground GPS,20210415,20210607143833,Out,,,,JA70003000,188659.7139,2799.4949,,7077889,,
V10532,2021051801,2021,17.7,Unknown,20210518,20210608135115,Out,,,,JA70003000,176988.4962,6078.8622000000005,,7077890,,
V10859,2021062201,2021,52,Non-corrected airborne GPS,20210622,20210623101600,Out,,,,JA70003000,520224.8251,3392.0296000000003,,7077891,,
V11341,2021070601,2021,1.8,Digitized from aerial photo,20210706,20210728152519,Out,,,,JA70003000,18265.9012,728.6906,,7077892,,
V11669,2021082103,2021,5098,Non-corrected airborne GPS,20210821,20210822090459,Out,868,Mowhokam Creek,http://bcfireinfo.for.gov.bc.ca/hprScripts/WildfireNews/OneFire.asp?ID=868,JA70003000,50979538.4966,58207.24,,7077893,,
V11707,2021072201,2021,19.8,Non-corrected ground GPS,20210722,20210729163310,Out,,,,JA70003000,197690.5789,2583.9323,,7077894,,
V12251,2021080401,2021,32.9,Non-corrected airborne GPS,20210804,20210804155939,Out,,,,JA70003000,329333.1752,2995.2011,,7077895,,
V12262,2021080601,2021,223.4,Non-corrected airborne GPS,20210806,20210808131757,Out,,,,JA70003000,2234428.3315,8807.5785,,7077896,,
V12269,2021081801,2021,396.7,Non-corrected airborne GPS,20210818,20210818194710,Out,,,,JA70003000,3967057.229,11668.988,,7077897,,
V12270,2021081801,2021,461.40000000000003,Non-corrected airborne GPS,20210818,20210818200201,Out,,,,JA70003000,4613547.4019,11601.0575,,7077898,,
V12312,2021081801,2021,104.10000000000001,Non-corrected airborne GPS,20210818,20210818200911,Out,,,,JA70003000,1041167.1315,4543.8764,,7077899,,
V12329,2021081801,2021,150.8,Non-corrected airborne GPS,20210818,20210818201408,Out,,,,JA70003000,1507734.7105,5560.6151,,7077900,,
V30467,2021050701,2021,2.2,Non-corrected ground GPS,20210507,20210528095601,Out,,,,JA70003000,21827.4049,784.0504000000001,,7077901,,
V32358,2021080801,2021,8.3,Non-corrected ground GPS,20210808,20210809151803,Out,,,,JA70003000,82751.2593,1673.1074,,7077902,,
V50530,2021051601,2021,2,Non-corrected ground GPS,20210516,20210521104016,Out,,,,JA70003000,19921.5305,1045.0984,,7077903,,
V50948,2021073001,2021,7.1000000000000005,Non-corrected airborne GPS,20210730,20210730151723,Out,,,,JA70003000,70523.2919,1086.8805,,7077904,,
